Chai,Beverages,Exotic Liquids,10 boxes x 20 bags,39
Chang,Beverages,Exotic Liquids,24 - 12 oz bottles,17
Aniseed Syrup,Condiments,Exotic Liquids,12 - 550 ml bottles,13
Chef Anton's Cajun Seasoning,Condiments,New Orleans Cajun Delights,48 - 6 oz jars,53
Grandma's Boysenberry Spread,Condiments,Grandma Kelly's Homestead,12 - 8 oz jars,120
Uncle Bob's Organic Dried Pears,Produce,Grandma Kelly's Homestead,12 - 1 lb pkgs.,15
Northwoods Cranberry Sauce,Condiments,Grandma Kelly's Homestead,12 - 12 oz jars,6
Ikura,Seafood,Tokyo Traders,12 - 200 ml jars,31
Queso Cabrales,Dairy Products,Cooperativa de Quesos 'Las Cabras',1 kg pkg.,22
Queso Manchego La Pastora,Dairy Products,Cooperativa de Quesos 'Las Cabras',10 - 500 g pkgs.,86
Konbu,Seafood,Mayumi's,2 kg box,24
Tofu,Produce,Mayumi's,40 - 100 g pkgs.,35
Genen Shouyu,Condiments,Mayumi's,24 - 250 ml bottles,39
Pavlova,Confections,"Pavlova, Ltd.",32 - 500 g boxes,29
Carnarvon Tigers,Seafood,"Pavlova, Ltd.",16 kg pkg.,42
Teatime Chocolate Biscuits,Confections,"Specialty Biscuits, Ltd.",10 boxes x 12 pieces,25
Sir Rodney's Marmalade,Confections,"Specialty Biscuits, Ltd.",30 gift boxes,40
Sir Rodney's Scones,Confections,"Specialty Biscuits, Ltd.",24 pkgs. x 4 pieces,3
Gustaf's Knäckebröd,Grains/Cereals,PB Knäckebröd AB,24 - 500 g pkgs.,104
Tunnbröd,Grains/Cereals,PB Knäckebröd AB,12 - 250 g pkgs.,61
NuNuCa Nuß-Nougat-Creme,Confections,Heli Süßwaren GmbH & Co. KG,20 - 450 g glasses,76
Gumbär Gummibärchen,Confections,Heli Süßwaren GmbH & Co. KG,100 - 250 g bags,15
Schoggi Schokolade,Confections,Heli Süßwaren GmbH & Co. KG,100 - 100 g pieces,49
Nord-Ost Matjeshering,Seafood,Nord-Ost-Fisch Handelsgesellschaft mbH,10 - 200 g glasses,10
Gorgonzola Telino,Dairy Products,Formaggi Fortini s.r.l.,12 - 100 g pkgs,0
Mascarpone Fabioli,Dairy Products,Formaggi Fortini s.r.l.,24 - 200 g pkgs.,9
Geitost,Dairy Products,Norske Meierier,500 g,112
Sasquatch Ale,Beverages,Bigfoot Breweries,24 - 12 oz bottles,111
Steeleye Stout,Beverages,Bigfoot Breweries,24 - 12 oz bottles,20
Inlagd Sill,Seafood,Svensk Sjöföda AB,24 - 250 g  jars,112
Gravad lax,Seafood,Svensk Sjöföda AB,12 - 500 g pkgs.,11
Côte de Blaye,Beverages,Aux joyeux ecclésiastiques,12 - 75 cl bottles,17
Chartreuse verte,Beverages,Aux joyeux ecclésiastiques,750 cc per bottle,69
Boston Crab Meat,Seafood,New England Seafood Cannery,24 - 4 oz tins,123
Jack's New England Clam Chowder,Seafood,New England Seafood Cannery,12 - 12 oz cans,85
Ipoh Coffee,Beverages,Leka Trading,16 - 500 g tins,17
Gula Malacca,Condiments,Leka Trading,20 - 2 kg bags,27
Rogede sild,Seafood,Lyngbysild,1k pkg.,5
Spegesild,Seafood,Lyngbysild,4 - 450 g glasses,95
Zaanse koeken,Confections,Zaanse Snoepfabriek,10 - 4 oz boxes,36
Chocolade,Confections,Zaanse Snoepfabriek,10 pkgs.,15
Maxilaku,Confections,Karkki Oy,24 - 50 g pkgs.,10
Valkoinen suklaa,Confections,Karkki Oy,12 - 100 g bars,65
Manjimup Dried Apples,Produce,"G'day, Mate",50 - 300 g pkgs.,20
Filo Mix,Grains/Cereals,"G'day, Mate",16 - 2 kg boxes,38
Tourtière,Meat/Poultry,Ma Maison,16 pies,21
Pâté chinois,Meat/Poultry,Ma Maison,24 boxes x 2 pies,115
Gnocchi di nonna Alice,Grains/Cereals,Pasta Buttini s.r.l.,24 - 250 g pkgs.,21
Ravioli Angelo,Grains/Cereals,Pasta Buttini s.r.l.,24 - 250 g pkgs.,36
Escargots de Bourgogne,Seafood,Escargots Nouveaux,24 pieces,62
Raclette Courdavault,Dairy Products,Gai pâturage,5 kg pkg.,79
Camembert Pierrot,Dairy Products,Gai pâturage,15 - 300 g rounds,19
Sirop d'érable,Condiments,Forêts d'érables,24 - 500 ml bottles,113
Tarte au sucre,Confections,Forêts d'érables,48 pies,17
Vegie-spread,Condiments,"Pavlova, Ltd.",15 - 625 g jars,24
Wimmers gute Semmelknödel,Grains/Cereals,Plutzer Lebensmittelgroßmärkte AG,20 bags x 4 pieces,22
Louisiana Fiery Hot Pepper Sauce,Condiments,New Orleans Cajun Delights,32 - 8 oz bottles,76
Louisiana Hot Spiced Okra,Condiments,New Orleans Cajun Delights,24 - 8 oz jars,4
Laughing Lumberjack Lager,Beverages,Bigfoot Breweries,24 - 12 oz bottles,52
Scottish Longbreads,Confections,"Specialty Biscuits, Ltd.",10 boxes x 8 pieces,6
Gudbrandsdalsost,Dairy Products,Norske Meierier,10 kg pkg.,26
Outback Lager,Beverages,"Pavlova, Ltd.",24 - 355 ml bottles,15
Flotemysost,Dairy Products,Norske Meierier,10 - 500 g pkgs.,26
Mozzarella di Giovanni,Dairy Products,Formaggi Fortini s.r.l.,24 - 200 g pkgs.,14
Röd Kaviar,Seafood,Svensk Sjöföda AB,24 - 150 g jars,101
Longlife Tofu,Produce,Tokyo Traders,5 kg pkg.,4
Rhönbräu Klosterbier,Beverages,Plutzer Lebensmittelgroßmärkte AG,24 - 0.5 l bottles,125
Lakkalikööri,Beverages,Karkki Oy,500 ml,57
Original Frankfurter grüne Soße,Condiments,Plutzer Lebensmittelgroßmärkte AG,12 boxes,32
